Workbook

Sheet ticket
A1: ticket_id | B1: created_at | C1: closed_at | D1: outlet_id | E1: cms_id | F1: Same_Day | G1: Same_Hour
A2: isu-sjd-457 | B2: 2021-08-19 16:45:43 | C2: 2021-08-22 12:33:32 | D2: wrqy-juv-978 | E2: vew-iuvd-12 | F2: =INT(B2)=INT(C2) -> FALSE | G2: =AND(INT(B2)=INT(C2),HOUR(B2)=HOUR(C2)) -> FALSE
A3: qer-fal-092 | B3: 2021-08-21 11:09:22 | C3: 2021-08-21 17:13:45 | D3: 8woh-k3u-23b | E3: cms-qer-092 | F3: =INT(B3)=INT(C3) -> TRUE | G3: =AND(INT(B3)=INT(C3),HOUR(B3)=HOUR(C3)) -> FALSE
A4: tkt-abc-111 | B4: 2021-08-21 09:00:00 | C4: 2021-08-21 09:45:00 | D4: wrqy-juv-978 | E4: cms-xyz-01 | F4: =INT(B4)=INT(C4) -> TRUE | G4: =AND(INT(B4)=INT(C4),HOUR(B4)=HOUR(C4)) -> TRUE
A5: tkt-abc-112 | B5: 2021-08-22 10:00:00 | C5: 2021-08-22 10:30:00 | D5: 8woh-k3u-23b | E5: cms-xyz-02 | F5: =INT(B5)=INT(C5) -> TRUE | G5: =AND(INT(B5)=INT(C5),HOUR(B5)=HOUR(C5)) -> TRUE
A6: tkt-abc-113 | B6: 2021-08-23 14:00:00 | C6: 2021-08-24 14:00:00 | D6: wrqy-juv-978 | E6: cms-xyz-03 | F6: =INT(B6)=INT(C6) -> FALSE | G6: =AND(INT(B6)=INT(C6),HOUR(B6)=HOUR(C6)) -> FALSE
A7: tkt-abc-114 | B7: 2021-08-25 08:00:00 | C7: 2021-08-25 08:55:00 | D7: wrqy-juv-978 | E7: cms-xyz-04 | F7: =INT(B7)=INT(C7) -> TRUE | G7: =AND(INT(B7)=INT(C7),HOUR(B7)=HOUR(C7)) -> TRUE
A8: tkt-abc-115 | B8: 2021-08-26 15:00:00 | C8: 2021-08-27 15:00:00 | D8: 8woh-k3u-23b | E8: cms-xyz-05 | F8: =INT(B8)=INT(C8) -> FALSE | G8: =AND(INT(B8)=INT(C8),HOUR(B8)=HOUR(C8)) -> FALSE
A9: tkt-abc-116 | B9: 2021-08-27 10:00:00 | C9: 2021-08-27 10:45:00 | D9: wrqy-juv-978 | E9: cms-xyz-06 | F9: =INT(B9)=INT(C9) -> TRUE | G9: =AND(INT(B9)=INT(C9),HOUR(B9)=HOUR(C9)) -> TRUE
A10: tkt-abc-117 | B10: 2021-08-28 09:30:00 | C10: 2021-08-28 11:30:00 | D10: 8woh-k3u-23b | E10: cms-xyz-07 | F10: =INT(B10)=INT(C10) -> TRUE | G10: =AND(INT(B10)=INT(C10),HOUR(B10)=HOUR(C10)) -> FALSE
A11: tkt-abc-118 | B11: 2021-08-29 14:00:00 | C11: 2021-08-29 14:50:00 | D11: wrqy-juv-978 | E11: cms-xyz-08 | F11: =INT(B11)=INT(C11) -> TRUE | G11: =AND(INT(B11)=INT(C11),HOUR(B11)=HOUR(C11)) -> TRUE
A12: tkt-abc-119 | B12: 2021-08-30 08:00:00 | C12: 2021-08-31 08:00:00 | D12: 8woh-k3u-23b | E12: cms-xyz-09 | F12: =INT(B12)=INT(C12) -> FALSE | G12: =AND(INT(B12)=INT(C12),HOUR(B12)=HOUR(C12)) -> FALSE
A13: tkt-abc-120 | B13: 2021-09-01 11:00:00 | C13: 2021-09-01 11:45:00 | D13: wrqy-juv-978 | E13: cms-xyz-10 | F13: =INT(B13)=INT(C13) -> TRUE | G13: =AND(INT(B13)=INT(C13),HOUR(B13)=HOUR(C13)) -> TRUE
... A16: tkt-abc-123 | B16: 2021-09-04 16:00:00 | C16: 2021-09-05 10:00:00 | D16: 8woh-k3u-23b | E16: cms-xyz-13 | F16: =INT(B16)=INT(C16) -> FALSE | G16: =AND(INT(B16)=INT(C16),HOUR(B16)=HOUR(C16)) -> FALSE

Sheet feedbacks
A1: cms_id | B1: feedback_at | C1: feedback_rating | D1: ticket_created_at
A2: vew-iuvd-12 | B2: 2021-08-21 13:26:48 | C2: 3 | D2: {=IFERROR(INDEX(ticket!$B:$B,MATCH(A2,ticket!$E:$E,0)),"Not Found")} -> 2021-08-19 16:45:43
A3: cms-qer-092 | B3: 2021-08-22 09:00:00 | C3: 4 | D3: {=IFERROR(INDEX(ticket!$B:$B,MATCH(A3,ticket!$E:$E,0)),"Not Found")} -> 2021-08-21 11:09:22
A4: cms-xyz-01 | B4: 2021-08-22 10:00:00 | C4: 5 | D4: {=IFERROR(INDEX(ticket!$B:$B,MATCH(A4,ticket!$E:$E,0)),"Not Found")} -> 2021-08-21 09:00:00
A5: cms-xyz-02 | B5: 2021-08-23 11:00:00 | C5: 2 | D5: {=IFERROR(INDEX(ticket!$B:$B,MATCH(A5,ticket!$E:$E,0)),"Not Found")} -> 2021-08-22 10:00:00
A6: cms-xyz-03 | B6: 2021-08-25 09:00:00 | C6: 3 | D6: {=IFERROR(INDEX(ticket!$B:$B,MATCH(A6,ticket!$E:$E,0)),"Not Found")} -> 2021-08-23 14:00:00
A7: cms-xyz-04 | B7: 2021-08-26 08:30:00 | C7: 5 | D7: {=IFERROR(INDEX(ticket!$B:$B,MATCH(A7,ticket!$E:$E,0)),"Not Found")} -> 2021-08-25 08:00:00
A8: cms-xyz-05 | B8: 2021-08-27 16:00:00 | C8: 1 | D8: {=IFERROR(INDEX(ticket!$B:$B,MATCH(A8,ticket!$E:$E,0)),"Not Found")} -> 2021-08-26 15:00:00
A9: cms-xyz-06 | B9: 2021-08-28 11:00:00 | C9: 4 | D9: {=IFERROR(INDEX(ticket!$B:$B,MATCH(A9,ticket!$E:$E,0)),"Not Found")} -> 2021-08-27 10:00:00
A10: cms-xyz-07 | B10: 2021-08-29 12:00:00 | C10: 3 | D10: {=IFERROR(INDEX(ticket!$B:$B,MATCH(A10,ticket!$E:$E,0)),"Not Found")} -> 2021-08-28 09:30:00
A11: cms-xyz-08 | B11: 2021-08-30 09:00:00 | C11: 5 | D11: {=IFERROR(INDEX(ticket!$B:$B,MATCH(A11,ticket!$E:$E,0)),"Not Found")} -> 2021-08-29 14:00:00
A12: cms-xyz-09 | B12: 2021-09-01 10:00:00 | C12: 2 | D12: {=IFERROR(INDEX(ticket!$B:$B,MATCH(A12,ticket!$E:$E,0)),"Not Found")} -> 2021-08-30 08:00:00
A13: cms-xyz-10 | B13: 2021-09-02 14:00:00 | C13: 4 | D13: {=IFERROR(INDEX(ticket!$B:$B,MATCH(A13,ticket!$E:$E,0)),"Not Found")} -> 2021-09-01 11:00:00
... A16: cms-xyz-13 | B16: 2021-09-05 15:00:00 | C16: 1 | D16: {=IFERROR(INDEX(ticket!$B:$B,MATCH(A16,ticket!$E:$E,0)),"Not Found")} -> 2021-09-04 16:00:00

Sheet Analysis
A1: outlet_id | B1: Same_Day_Count (Q2a) | C1: Same_Hour_Count (Q2b)
A2: wrqy-juv-978 | B2: =COUNTIFS(ticket!$D:$D,A2,ticket!$F:$F,TRUE) -> 6 | C2: =COUNTIFS(ticket!$D:$D,A2,ticket!$G:$G,TRUE) -> 6
A3: 8woh-k3u-23b | B3: =COUNTIFS(ticket!$D:$D,A3,ticket!$F:$F,TRUE) -> 3 | C3: =COUNTIFS(ticket!$D:$D,A3,ticket!$G:$G,TRUE) -> 1
A5: Notes:
A6: Q2a: Count of tickets created AND closed on the SAME DAY per outlet
A7: Q2b: Count of tickets created AND closed in the SAME HOUR of the same day per outlet
